{"cameraMode":{"drawMode":0,"name":"Shaded","section":"Shading Mode"},"sceneLighting":false,"audioPlay":false,"sceneViewState":{"m_AlwaysRefresh":false,"showFog":true,"showSkybox":false,"showFlares":true,"showImageEffects":true,"showParticleSystems":true,"showVisualEffectGraphs":true,"m_FxEnabled":true},"in2DMode":false,"pivot":{"x":-1.9300003051757813,"y":0.7799146175384522,"z":0.06128314137458801},"rotation":{"x":-0.2376895695924759,"y":-0.08468221873044968,"z":0.020780054852366449,"w":-0.9674610495567322},"size":1.2141444683074952,"orthographic":false}