{"cameraMode":{"drawMode":0,"name":"Shaded","section":"Shading Mode"},"sceneLighting":false,"audioPlay":false,"sceneViewState":{"m_AlwaysRefresh":false,"showFog":true,"showSkybox":false,"showFlares":true,"showImageEffects":true,"showParticleSystems":true,"showVisualEffectGraphs":true,"m_FxEnabled":true},"in2DMode":false,"pivot":{"x":0.0005735158920288086,"y":0.9818637371063232,"z":-0.00043082237243652344},"rotation":{"x":0.22790773212909699,"y":0.17712602019309998,"z":-0.04293782636523247,"w":0.9566337466239929},"size":1.2430250644683838,"orthographic":false}