{"cameraMode":{"drawMode":0,"name":"Shaded","section":"Shading Mode"},"sceneLighting":false,"audioPlay":false,"sceneViewState":{"m_AlwaysRefresh":false,"showFog":true,"showSkybox":false,"showFlares":true,"showImageEffects":true,"showParticleSystems":true,"showVisualEffectGraphs":true,"m_FxEnabled":true},"in2DMode":false,"pivot":{"x":-0.9977266788482666,"y":0.4411724805831909,"z":0.15563249588012696},"rotation":{"x":0.3041953444480896,"y":0.03570764884352684,"z":-0.011407590471208096,"w":0.951898455619812},"size":3.412870407104492,"orthographic":false}