{"cameraMode":{"drawMode":0,"name":"Shaded","section":"Shading Mode"},"sceneLighting":true,"audioPlay":false,"sceneViewState":{"m_AlwaysRefresh":false,"showFog":true,"showSkybox":true,"showFlares":true,"showImageEffects":true,"showParticleSystems":true,"showVisualEffectGraphs":true,"m_FxEnabled":true},"in2DMode":false,"pivot":{"x":1.2541943788528443,"y":2.869119167327881,"z":-0.11369490623474121},"rotation":{"x":-0.08217190951108933,"y":-0.0623958520591259,"z":-0.006373429670929909,"w":0.9948170185089111},"size":1.7469260692596436,"orthographic":false}