{"cameraMode":{"drawMode":0,"name":"Shaded","section":"Shading Mode"},"sceneLighting":true,"audioPlay":false,"sceneViewState":{"m_AlwaysRefresh":false,"showFog":true,"showSkybox":true,"showFlares":true,"showImageEffects":true,"showParticleSystems":true,"showVisualEffectGraphs":true,"m_FxEnabled":true},"in2DMode":false,"pivot":{"x":9.457417488098145,"y":4.782294273376465,"z":13.557351112365723},"rotation":{"x":-0.5072110295295715,"y":0.0034482853952795269,"z":-0.001874913345091045,"w":-0.8618921637535095},"size":48.402706146240237,"orthographic":false}