{"cameraMode":{"drawMode":0,"name":"Shaded","section":"Shading Mode"},"sceneLighting":true,"audioPlay":false,"sceneViewState":{"m_AlwaysRefresh":false,"showFog":true,"showSkybox":true,"showFlares":true,"showImageEffects":true,"showParticleSystems":true,"showVisualEffectGraphs":true,"m_FxEnabled":true},"in2DMode":false,"pivot":{"x":1.9828402996063233,"y":1.2130647897720338,"z":0.23472492396831513},"rotation":{"x":0.1747140884399414,"y":-0.13100147247314454,"z":0.022227970883250238,"w":0.9757906794548035},"size":2.2818362712860109,"orthographic":false}