{"cameraMode":{"drawMode":0,"name":"Shaded","section":"Shading Mode"},"sceneLighting":true,"audioPlay":false,"sceneViewState":{"m_AlwaysRefresh":false,"showFog":true,"showSkybox":true,"showFlares":true,"showImageEffects":true,"showParticleSystems":true,"showVisualEffectGraphs":true,"m_FxEnabled":true},"in2DMode":false,"pivot":{"x":2.1585588455200197,"y":1.0566136837005616,"z":-0.8027963638305664},"rotation":{"x":-0.03972763195633888,"y":-0.9136438369750977,"z":0.09213078767061234,"w":-0.3939547538757324},"size":5.371690273284912,"orthographic":false}