{"cameraMode":{"drawMode":0,"name":"Shaded","section":"Shading Mode"},"sceneLighting":false,"audioPlay":false,"sceneViewState":{"m_AlwaysRefresh":false,"showFog":true,"showSkybox":false,"showFlares":true,"showImageEffects":true,"showParticleSystems":true,"showVisualEffectGraphs":true,"m_FxEnabled":true},"in2DMode":false,"pivot":{"x":0.24859213829040528,"y":0.49563950300216677,"z":-0.003150045871734619},"rotation":{"x":-0.2256028652191162,"y":0.31279510259628298,"z":-0.07674174755811691,"w":-0.919455349445343},"size":0.98810213804245,"orthographic":false}