{"cameraMode":{"drawMode":0,"name":"Shaded","section":"Shading Mode"},"sceneLighting":true,"audioPlay":false,"sceneViewState":{"m_AlwaysRefresh":false,"showFog":true,"showSkybox":true,"showFlares":true,"showImageEffects":true,"showParticleSystems":true,"showVisualEffectGraphs":true,"m_FxEnabled":false},"in2DMode":false,"pivot":{"x":0.7205286026000977,"y":2.207564353942871,"z":-2.2523632049560549},"rotation":{"x":-0.13125009834766389,"y":0.6561952829360962,"z":-0.11740569770336151,"w":-0.7338448166847229},"size":0.8660253882408142,"orthographic":false}