{"cameraMode":{"drawMode":0,"name":"Shaded","section":"Shading Mode"},"sceneLighting":false,"audioPlay":false,"sceneViewState":{"m_AlwaysRefresh":false,"showFog":false,"showSkybox":false,"showFlares":false,"showImageEffects":false,"showParticleSystems":false,"showVisualEffectGraphs":true,"m_FxEnabled":true},"in2DMode":false,"pivot":{"x":0.24785728752613069,"y":1.2159401178359986,"z":0.1379747986793518},"rotation":{"x":0.08619659394025803,"y":0.8178325891494751,"z":-0.12931562960147859,"w":0.5543891191482544},"size":0.30055004358291628,"orthographic":false}