{"cameraMode":{"drawMode":0,"name":"Shaded","section":"Shading Mode"},"sceneLighting":false,"audioPlay":false,"sceneViewState":{"m_AlwaysRefresh":false,"showFog":true,"showSkybox":false,"showFlares":true,"showImageEffects":true,"showParticleSystems":true,"showVisualEffectGraphs":true,"m_FxEnabled":true},"in2DMode":false,"pivot":{"x":5.004374027252197,"y":0.9512948989868164,"z":-0.12506511807441712},"rotation":{"x":-0.008400742895901204,"y":-0.9914291501045227,"z":0.08228811621665955,"w":-0.10118579864501953},"size":3.818892478942871,"orthographic":false}