{"cameraMode":{"drawMode":0,"name":"Shaded","section":"Shading Mode"},"sceneLighting":false,"audioPlay":false,"sceneViewState":{"m_AlwaysRefresh":false,"showFog":true,"showSkybox":false,"showFlares":true,"showImageEffects":true,"showParticleSystems":true,"showVisualEffectGraphs":true,"m_FxEnabled":true},"in2DMode":false,"pivot":{"x":5.004374027252197,"y":0.9512948989868164,"z":-0.12506511807441712},"rotation":{"x":-0.018055828288197519,"y":-0.9435303211212158,"z":0.3266759514808655,"w":-0.05214317888021469},"size":0.518892765045166,"orthographic":false}