{"cameraMode":{"drawMode":0,"name":"Shaded","section":"Shading Mode"},"sceneLighting":false,"audioPlay":false,"sceneViewState":{"m_AlwaysRefresh":false,"showFog":true,"showSkybox":false,"showFlares":true,"showImageEffects":true,"showParticleSystems":true,"showVisualEffectGraphs":true,"m_FxEnabled":true},"in2DMode":false,"pivot":{"x":-2.29068660736084,"y":0.2964339256286621,"z":-10.520000457763672},"rotation":{"x":-0.048714615404605868,"y":-0.0792895257472992,"z":0.004223274532705545,"w":-0.9957496523857117},"size":0.8660253882408142,"orthographic":false}